Subject,Class,Unit,Theme,Sub-Theme,File_Path,Book_Section_Heading,Subtopic,Summary
SAT Reading,High School,Vocabulary in Context,Vocabulary,Contextual Meaning,data/english/the-complete-guide-to-sat-reading_compress.txt,Vocabulary in Context,Strategies for vocabulary-in-context questions,Methods to determine word meanings using surrounding context.
SAT Reading,High School,Vocabulary in Context,Vocabulary,Contextual Meaning,data/english/the-complete-guide-to-sat-reading_compress.txt,Vocabulary in Context,Plugging in your own word technique,Technique of inserting a guessed word to check if it fits contextually.
SAT Reading,High School,Vocabulary in Context,Vocabulary,Contextual Meaning,data/english/the-complete-guide-to-sat-reading_compress.txt,Vocabulary in Context,Plugging each answer choice into sentence,Testing all options in the sentence to see which best fits.
SAT Reading,High School,Vocabulary in Context,Vocabulary,Contextual Meaning,data/english/the-complete-guide-to-sat-reading_compress.txt,Vocabulary in Context,Playing positive/negative with vocabulary questions,Analyzing how word tone or connotation affects meaning.
SAT Reading,High School,Vocabulary in Context,Vocabulary,Contextual Meaning,data/english/the-complete-guide-to-sat-reading_compress.txt,Vocabulary in Context,Second meanings of common words,Understanding words with multiple meanings and selecting the correct one.
SAT Reading,High School,Vocabulary in Context,Vocabulary,Contextual Meaning,data/english/the-complete-guide-to-sat-reading_compress.txt,Vocabulary in Context,Common second meanings list,List of common secondary meanings for frequently tested words.
SAT Reading,High School,Vocabulary in Context,Vocabulary,Contextual Meaning,data/english/the-complete-guide-to-sat-reading_compress.txt,Vocabulary in Context,Additional vocabulary words to know,Extra vocabulary words with explanations and examples.
SAT Reading,High School,Vocabulary in Context,Vocabulary,Contextual Meaning,data/english/the-complete-guide-to-sat-reading_compress.txt,Vocabulary in Context,Vocabulary in context exercises,Practice exercises applying vocabulary-in-context strategies.
SAT Reading,High School,Making the Leap: From Concrete to Abstract,Comprehension,Pronouns & Abstract Nouns,data/english/the-complete-guide-to-sat-reading_compress.txt,Making the Leap: From Concrete to Abstract,Understanding pronoun usage,Guidelines for correct pronoun usage and reference.
SAT Reading,High School,Making the Leap: From Concrete to Abstract,Comprehension,Pronouns & Abstract Nouns,data/english/the-complete-guide-to-sat-reading_compress.txt,Making the Leap: From Concrete to Abstract,Compression nouns and abstract references,Identifying abstract nouns and compressed references in sentences.
SAT Reading,High School,Making the Leap: From Concrete to Abstract,Comprehension,Pronouns & Abstract Nouns,data/english/the-complete-guide-to-sat-reading_compress.txt,Making the Leap: From Concrete to Abstract,The former and the latter usage,Rules and examples for using "the former" and "the latter".
SAT Reading,High School,Making the Leap: From Concrete to Abstract,Comprehension,Pronouns & Abstract Nouns,data/english/the-complete-guide-to-sat-reading_compress.txt,Making the Leap: From Concrete to Abstract,Pronoun and compression noun exercises,Practice exercises for pronoun and compressed noun use.
SAT Reading,High School,The Big Picture,Comprehension,Main Ideas,data/english/the-complete-guide-to-sat-reading_compress.txt,The Big Picture,Identifying passage topics,Techniques to determine the main topic of a passage.
SAT Reading,High School,The Big Picture,Comprehension,Main Ideas,data/english/the-complete-guide-to-sat-reading_compress.txt,The Big Picture,Determining main point vs. describing content,Differentiating between main ideas and supporting details.
SAT Reading,High School,The Big Picture,Comprehension,Main Ideas,data/english/the-complete-guide-to-sat-reading_compress.txt,The Big Picture,Point of a paragraph analysis,Analyzing paragraphs to find their primary point.
SAT Reading,High School,The Big Picture,Comprehension,Main Ideas,data/english/the-complete-guide-to-sat-reading_compress.txt,The Big Picture,Old idea vs. new idea framework,Distinguishing old information from new ideas to track argument.
SAT Reading,High School,The Big Picture,Comprehension,Main Ideas,data/english/the-complete-guide-to-sat-reading_compress.txt,The Big Picture,Using old ideas to predict main point and attitude,Using prior content to anticipate main points and author attitude.
SAT Reading,High School,The Big Picture,Comprehension,Main Ideas,data/english/the-complete-guide-to-sat-reading_compress.txt,The Big Picture,Fiction passages: identifying main point,Techniques for identifying central ideas in fiction passages.
SAT Reading,High School,The Big Picture,Comprehension,Main Ideas,data/english/the-complete-guide-to-sat-reading_compress.txt,The Big Picture,Order of events in passages,Understanding chronological order to follow narrative structure.
SAT Reading,High School,The Big Picture,Comprehension,Main Ideas,data/english/the-complete-guide-to-sat-reading_compress.txt,The Big Picture,Supporting examples: working backwards,Using examples to infer the main idea in reverse.
SAT Reading,High School,The Big Picture,Comprehension,Main Ideas,data/english/the-complete-guide-to-sat-reading_compress.txt,The Big Picture,Main point vs. primary purpose distinction,Differentiating main point from the author’s overall purpose.
SAT Reading,High School,The Big Picture,Comprehension,Main Ideas,data/english/the-complete-guide-to-sat-reading_compress.txt,The Big Picture,The big picture exercises,Practice exercises for main idea identification.
SAT Reading,High School,Supporting Evidence,Comprehension,Evidence & Claims,data/english/the-complete-guide-to-sat-reading_compress.txt,Supporting Evidence,Supporting and contradicting claims,Identifying claims that are supported or contradicted by passage evidence.
SAT Reading,High School,Supporting Evidence,Comprehension,Evidence & Claims,data/english/the-complete-guide-to-sat-reading_compress.txt,Supporting Evidence,Supporting evidence question types,Types of questions that ask for evidence support.
SAT Reading,High School,Supporting Evidence,Comprehension,Evidence & Claims,data/english/the-complete-guide-to-sat-reading_compress.txt,Supporting Evidence,Supporting and contradicting claims exercises,Practice exercises to determine claim support.
SAT Reading,High School,Literal Comprehension,Comprehension,Literal Comprehension,data/english/the-complete-guide-to-sat-reading_compress.txt,Literal Comprehension,"Same idea, different words strategy",Recognizing identical meaning expressed differently.
SAT Reading,High School,Literal Comprehension,Comprehension,Literal Comprehension,data/english/the-complete-guide-to-sat-reading_compress.txt,Literal Comprehension,Other approaches to literal comprehension,Additional strategies to extract literal meaning from text.
SAT Reading,High School,Literal Comprehension,Comprehension,Literal Comprehension,data/english/the-complete-guide-to-sat-reading_compress.txt,Literal Comprehension,Using line references for educated guesses,Using line references to make informed answer choices.
SAT Reading,High School,Literal Comprehension,Comprehension,Literal Comprehension,data/english/the-complete-guide-to-sat-reading_compress.txt,Literal Comprehension,Literal comprehension exercises,Practice exercises for literal comprehension skills.
SAT Reading,High School,Reasonable Inferences,Comprehension,Inference,data/english/the-complete-guide-to-sat-reading_compress.txt,Reasonable Inferences,Drawing reasonable inferences,Techniques to infer unstated information based on passage content.
SAT Reading,High School,Reasonable Inferences,Comprehension,Inference,data/english/the-complete-guide-to-sat-reading_compress.txt,Reasonable Inferences,Fallacies and incorrect answers in inference questions,Recognizing common pitfalls in inference questions.
SAT Reading,High School,Reasonable Inferences,Comprehension,Inference,data/english/the-complete-guide-to-sat-reading_compress.txt,Reasonable Inferences,Unstated assumptions,Identifying implied assumptions not explicitly stated.
SAT Reading,High School,Reasonable Inferences,Comprehension,Inference,data/english/the-complete-guide-to-sat-reading_compress.txt,Reasonable Inferences,Inference exercises,Practice exercises for inference skills.
SAT Reading,High School,Extended Reasoning and Analogies,Comprehension,Extended Reasoning,data/english/the-complete-guide-to-sat-reading_compress.txt,Extended Reasoning and Analogies,Extended reasoning questions,Practice questions requiring deeper logical reasoning.
SAT Reading,High School,Extended Reasoning and Analogies,Comprehension,Extended Reasoning,data/english/the-complete-guide-to-sat-reading_compress.txt,Extended Reasoning and Analogies,Analogy questions,Techniques for solving analogy-based reading questions.
SAT Reading,High School,Extended Reasoning and Analogies,Comprehension,Extended Reasoning,data/english/the-complete-guide-to-sat-reading_compress.txt,Extended Reasoning and Analogies,Extended reasoning and analogy exercises,Practice exercises combining reasoning and analogical thinking.
SAT Reading,High School,Reading for Function,Rhetorical Analysis,Function Questions,data/english/the-complete-guide-to-sat-reading_compress.txt,Reading for Function,Types of function questions,Overview of questions assessing rhetorical function.
SAT Reading,High School,Reading for Function,Rhetorical Analysis,Function Questions,data/english/the-complete-guide-to-sat-reading_compress.txt,Reading for Function,Functions of key words and punctuation,Analyzing how words and punctuation influence meaning.
SAT Reading,High School,Reading for Function,Rhetorical Analysis,Function Questions,data/english/the-complete-guide-to-sat-reading_compress.txt,Reading for Function,Vague answers in function questions,Identifying vague options and why they are incorrect.
SAT Reading,High School,Reading for Function,Rhetorical Analysis,Function Questions,data/english/the-complete-guide-to-sat-reading_compress.txt,Reading for Function,Playing positive/negative with function questions,Assessing effect of positive/negative framing on function.
SAT Reading,High School,Reading for Function,Rhetorical Analysis,Function Questions,data/english/the-complete-guide-to-sat-reading_compress.txt,Reading for Function,Common function words and phrases,List of frequently used function words and their purpose.
SAT Reading,High School,Reading for Function,Rhetorical Analysis,Function Questions,data/english/the-complete-guide-to-sat-reading_compress.txt,Reading for Function,Reading for function exercises,Practice exercises applying function word knowledge.
SAT Reading,High School,Reading for Function,Rhetorical Analysis,Function Questions,data/english/the-complete-guide-to-sat-reading_compress.txt,Reading for Function,Glossary of function words,Glossary of key words used to determine function in passages.
SAT Reading,High School,Tone and Attitude,Rhetorical Analysis,Tone & Attitude,data/english/the-complete-guide-to-sat-reading_compress.txt,Tone and Attitude,Neutral tone with definite opinion,Understanding neutral statements vs. clear opinions.
SAT Reading,High School,Tone and Attitude,Rhetorical Analysis,Tone & Attitude,data/english/the-complete-guide-to-sat-reading_compress.txt,Tone and Attitude,Playing positive/negative with tone questions,Analyzing how positivity/negativity affects tone interpretation.
SAT Reading,High School,Tone and Attitude,Rhetorical Analysis,Tone & Attitude,data/english/the-complete-guide-to-sat-reading_compress.txt,Tone and Attitude,Inferring attitude from text,Techniques to determine author’s attitude from context.
SAT Reading,High School,Tone and Attitude,Rhetorical Analysis,Tone & Attitude,data/english/the-complete-guide-to-sat-reading_compress.txt,Tone and Attitude,Simplifying tone answers,Methods to clarify tone-based answer choices.
SAT Reading,High School,Tone and Attitude,Rhetorical Analysis,Tone & Attitude,data/english/the-complete-guide-to-sat-reading_compress.txt,Tone and Attitude,Register: formal vs. informal,Distinguishing between formal and informal tone in passages.
SAT Reading,High School,Tone and Attitude,Rhetorical Analysis,Tone & Attitude,data/english/the-complete-guide-to-sat-reading_compress.txt,Tone and Attitude,Certainty and uncertainty indicators,Identifying words that signal certainty or uncertainty in text.
SAT Reading,High School,Tone and Attitude,Rhetorical Analysis,Tone & Attitude,data/english/the-complete-guide-to-sat-reading_compress.txt,Tone and Attitude,"Humor, sarcasm, and irony","Recognizing and interpreting humorous, sarcastic, or ironic tones."
SAT Reading,High School,Tone and Attitude,Rhetorical Analysis,Tone & Attitude,data/english/the-complete-guide-to-sat-reading_compress.txt,Tone and Attitude,Common tone and attitude words,Key words that indicate tone or attitude in passages.
SAT Reading,High School,Tone and Attitude,Rhetorical Analysis,Tone & Attitude,data/english/the-complete-guide-to-sat-reading_compress.txt,Tone and Attitude,Tone and attitude exercises,Practice exercises for identifying tone and attitude.
SAT Reading,High School,Rhetorical Strategy,Rhetorical Analysis,Rhetorical Strategy,data/english/the-complete-guide-to-sat-reading_compress.txt,Rhetorical Strategy,Point of view analysis,Analyzing narrator or author’s perspective in passages.
SAT Reading,High School,Rhetorical Strategy,Rhetorical Analysis,Rhetorical Strategy,data/english/the-complete-guide-to-sat-reading_compress.txt,Rhetorical Strategy,Paragraph and passage organization,Understanding how structure affects meaning and argument.
SAT Reading,High School,Rhetorical Strategy,Rhetorical Analysis,Rhetorical Strategy,data/english/the-complete-guide-to-sat-reading_compress.txt,Rhetorical Strategy,Counterarguments in passages,Identifying and evaluating counterarguments presented.
SAT Reading,High School,Rhetorical Strategy,Rhetorical Analysis,Rhetorical Strategy,data/english/the-complete-guide-to-sat-reading_compress.txt,Rhetorical Strategy,Effect of rhetorical strategy,Assessing the purpose and impact of rhetorical techniques.
SAT Reading,High School,Rhetorical Strategy,Rhetorical Analysis,Rhetorical Strategy,data/english/the-complete-guide-to-sat-reading_compress.txt,Rhetorical Strategy,Rhetorical strategy exercises,Practice exercises applying rhetorical strategy analysis.
SAT Reading,High School,Paired Passages,Comparative Reading,Paired Passages,data/english/the-complete-guide-to-sat-reading_compress.txt,Paired Passages,Overview of paired passages,Introduction to paired passages and how they are structured.
SAT Reading,High School,Paired Passages,Comparative Reading,Paired Passages,data/english/the-complete-guide-to-sat-reading_compress.txt,Paired Passages,How to read paired passages,Techniques for efficient reading of paired passages.
SAT Reading,High School,Paired Passages,Comparative Reading,Paired Passages,data/english/the-complete-guide-to-sat-reading_compress.txt,Paired Passages,Relationship questions as inference questions,Approach relationship questions as inference problems.
SAT Reading,High School,Paired Passages,Comparative Reading,Paired Passages,data/english/the-complete-guide-to-sat-reading_compress.txt,Paired Passages,Paired passages and supporting evidence questions,Using evidence to support answers in paired passages.
SAT Reading,High School,Paired Passages,Comparative Reading,Paired Passages,data/english/the-complete-guide-to-sat-reading_compress.txt,Paired Passages,Agreement questions between passages,Identifying points of agreement between two passages.
SAT Reading,High School,Paired Passages,Comparative Reading,Paired Passages,data/english/the-complete-guide-to-sat-reading_compress.txt,Paired Passages,Paired passage exercises,Practice exercises for paired passage questions.
SAT Reading,High School,Graphics and Data Analysis,Data Analysis,Graphics Interpretation,data/english/the-complete-guide-to-sat-reading_compress.txt,Graphics and Data Analysis,Reading graphs: finding the point and skimming,Techniques for quickly identifying key points in graphs.
SAT Reading,High School,Graphics and Data Analysis,Data Analysis,Graphics Interpretation,data/english/the-complete-guide-to-sat-reading_compress.txt,Graphics and Data Analysis,Reading between the lines in graphics,Interpreting subtle or implied information in visual data.
SAT Reading,High School,Graphics and Data Analysis,Data Analysis,Graphics Interpretation,data/english/the-complete-guide-to-sat-reading_compress.txt,Graphics and Data Analysis,Multiple variables in graphics,Understanding charts with more than one variable.
SAT Reading,High School,Graphics and Data Analysis,Data Analysis,Graphics Interpretation,data/english/the-complete-guide-to-sat-reading_compress.txt,Graphics and Data Analysis,Backwards graphs and trick answers,Identifying tricky graphs that may mislead test-takers.
SAT Reading,High School,Graphics and Data Analysis,Data Analysis,Graphics Interpretation,data/english/the-complete-guide-to-sat-reading_compress.txt,Graphics and Data Analysis,Interpreting tables,Techniques for analyzing data in table format.
SAT Reading,High School,Graphics and Data Analysis,Data Analysis,Graphics Interpretation,data/english/the-complete-guide-to-sat-reading_compress.txt,Graphics and Data Analysis,Paired graphics questions,Strategies for questions involving two related graphics.
SAT Reading,High School,Graphics and Data Analysis,Data Analysis,Graphics Interpretation,data/english/the-complete-guide-to-sat-reading_compress.txt,Graphics and Data Analysis,To synthesize or not decisions,Deciding when to combine information from multiple visuals.
SAT Reading,High School,Graphics and Data Analysis,Data Analysis,Graphics Interpretation,data/english/the-complete-guide-to-sat-reading_compress.txt,Graphics and Data Analysis,Graphics and extended reasoning,Applying higher-order reasoning to visual data.
SAT Reading,High School,Graphics and Data Analysis,Data Analysis,Graphics Interpretation,data/english/the-complete-guide-to-sat-reading_compress.txt,Graphics and Data Analysis,Graphics and data analysis exercises,Practice exercises for data interpretation questions.
SAT Reading,High School,Introduction to SAT Reading,Test Strategy,General Approach,data/english/the-complete-guide-to-sat-reading_compress.txt,Introduction to SAT® Reading,What the SAT Reading test measures,Overview of skills assessed on SAT Reading.
SAT Reading,High School,Introduction to SAT Reading,Test Strategy,General Approach,data/english/the-complete-guide-to-sat-reading_compress.txt,Introduction to SAT® Reading,Managing the Reading Test as a whole,Strategies for pacing and managing the entire test.
SAT Reading,High School,Introduction to SAT Reading,Test Strategy,General Approach,data/english/the-complete-guide-to-sat-reading_compress.txt,Introduction to SAT® Reading,The answer isn't always in the passage,Recognizing when answers require reasoning beyond explicit text.
SAT Reading,High School,Introduction to SAT Reading,Test Strategy,General Approach,data/english/the-complete-guide-to-sat-reading_compress.txt,Introduction to SAT® Reading,Understanding answer choices patterns,Recognizing common answer patterns and traps.
SAT Reading,High School,Introduction to SAT Reading,Test Strategy,General Approach,data/english/the-complete-guide-to-sat-reading_compress.txt,Introduction to SAT® Reading,Understanding line references,How to interpret questions referring to specific lines.
SAT Reading,High School,Introduction to SAT Reading,Test Strategy,General Approach,data/english/the-complete-guide-to-sat-reading_compress.txt,Introduction to SAT® Reading,Strategies for reading passages,General passage reading strategies for comprehension.
SAT Reading,High School,Introduction to SAT Reading,Test Strategy,General Approach,data/english/the-complete-guide-to-sat-reading_compress.txt,Introduction to SAT® Reading,Skimming effectively,Techniques for effective skimming without missing details.
SAT Reading,High School,Introduction to SAT Reading,Test Strategy,General Approach,data/english/the-complete-guide-to-sat-reading_compress.txt,Introduction to SAT® Reading,Using key words for questions without line references,Identifying keywords to locate answers when lines aren't referenced.
SAT Reading,High School,Introduction to SAT Reading,Test Strategy,General Approach,data/english/the-complete-guide-to-sat-reading_compress.txt,Introduction to SAT® Reading,How to work through questions with line references,Step-by-step approach for questions referencing specific lines.
SAT Reading,High School,Introduction to SAT Reading,Test Strategy,General Approach,data/english/the-complete-guide-to-sat-reading_compress.txt,Introduction to SAT® Reading,General tips for reading preparation,Overall tips for SAT Reading prep and practice.
SAT Reading,High School,How to Use This Book,Test Strategy,Study Plan,data/english/the-complete-guide-to-sat-reading_compress.txt,How to Use This Book,Step-by-step study approach,Structured plan for working through the book effectively.
SAT Reading,High School,How to Use This Book,Test Strategy,Study Plan,data/english/the-complete-guide-to-sat-reading_compress.txt,How to Use This Book,Identifying focus areas from diagnostic tests,Using diagnostic tests to prioritize study areas.
SAT Reading,High School,How to Use This Book,Test Strategy,Study Plan,data/english/the-complete-guide-to-sat-reading_compress.txt,How to Use This Book,Building a bridge to the actual test,Strategies for connecting practice to real SAT questions.
SAT Reading,High School,How to Use This Book,Test Strategy,Study Plan,data/english/the-complete-guide-to-sat-reading_compress.txt,How to Use This Book,Reviewing mistakes effectively,How to analyze errors for improved learning.
SAT Reading,High School,Suggested Reading,Content Knowledge,Background Resources,data/english/the-complete-guide-to-sat-reading_compress.txt,Suggested Reading,Recommended publications for SAT preparation,List of books and articles recommended for SAT prep.
SAT Reading,High School,Suggested Reading,Content Knowledge,Background Resources,data/english/the-complete-guide-to-sat-reading_compress.txt,Suggested Reading,Fiction authors to familiarize with,Important fiction authors to know for context questions.
SAT Reading,High School,Suggested Reading,Content Knowledge,Background Resources,data/english/the-complete-guide-to-sat-reading_compress.txt,Suggested Reading,Key topics and controversies in natural science,Overview of major science topics relevant for SAT reading.
SAT Reading,High School,Suggested Reading,Content Knowledge,Background Resources,data/english/the-complete-guide-to-sat-reading_compress.txt,Suggested Reading,Key topics and controversies in social science,Overview of major social science topics for context understanding.
SAT Reading,High School,Suggested Reading,Content Knowledge,Background Resources,data/english/the-complete-guide-to-sat-reading_compress.txt,Suggested Reading,Science and social science authors,Important authors in science and social science.
SAT Reading,High School,Suggested Reading,Content Knowledge,Background Resources,data/english/the-complete-guide-to-sat-reading_compress.txt,Suggested Reading,Key historical movements and figures,Historical context relevant for SAT passages.
SAT Reading,High School,Suggested Reading,Content Knowledge,Background Resources,data/english/the-complete-guide-to-sat-reading_compress.txt,Suggested Reading,Historical documents and sources,Primary sources and documents important for SAT content knowledge.
Math,HSSC 1,Complex Numbers,Mathematics,Algebra / Complex Numbers,data/math/v3-11-maths-book-2025.txt,Complex Number,"Definition of complex number (z = a + ib or (a,b))",Introduction to complex numbers and their standard forms.
Math,HSSC 1,Complex Numbers,Mathematics,Algebra / Complex Numbers,data/math/v3-11-maths-book-2025.txt,Complex Number,Euler’s notation for the imaginary unit (i = √-1 and i² = -1),Representation of imaginary unit using Euler’s notation.
Math,HSSC 1,Complex Numbers,Mathematics,Algebra / Complex Numbers,data/math/v3-11-maths-book-2025.txt,Real and Imaginary Parts of a Complex Number,Recognizing real (Re(z)) and imaginary (Im(z)) parts,Identifying real and imaginary components of a complex number.
Math,HSSC 1,Complex Numbers,Mathematics,Algebra / Complex Numbers,data/math/v3-11-maths-book-2025.txt,Real and Imaginary Parts of a Complex Number,Definition of pure imaginary and real numbers,Distinguishing pure imaginary numbers from real numbers.
Math,HSSC 1,Complex Numbers,Mathematics,Algebra / Complex Numbers,data/math/v3-11-maths-book-2025.txt,Condition for the Equality of Two Complex Numbers,Condition for equality (z₁ = z₂ ⟺ x₁ = x₂ and y₁ = y₂),Criteria for two complex numbers to be equal.
Math,HSSC 1,Complex Numbers,Mathematics,Algebra / Complex Numbers,data/math/v3-11-maths-book-2025.txt,Basic Algebraic Operations on Complex Numbers,"Basic algebraic operations overview,Overview of addition, subtraction, multiplication, and division of complex numbers."
Math,HSSC 1,Complex Numbers,Mathematics,Algebra / Complex Numbers,data/math/v3-11-maths-book-2025.txt,Addition of Two Complex Numbers,Addition of complex numbers (z₁ + z₂),Adding two complex numbers by summing real and imaginary parts.
Math,HSSC 1,Complex Numbers,Mathematics,Algebra / Complex Numbers,data/math/v3-11-maths-book-2025.txt,Subtraction of Two Complex Numbers,Subtraction of complex numbers (z₁ - z₂),Subtracting two complex numbers by subtracting real and imaginary parts.
Math,HSSC 1,Complex Numbers,Mathematics,Algebra / Complex Numbers,data/math/v3-11-maths-book-2025.txt,Product of Two Complex Numbers,Multiplication (Product) of complex numbers (z₁z₂),Multiplying complex numbers using distributive property or polar form.
Math,HSSC 1,Complex Numbers,Mathematics,Algebra / Complex Numbers,data/math/v3-11-maths-book-2025.txt,Division of Complex Numbers,Division of complex numbers (rationalization using conjugate),Dividing complex numbers by multiplying numerator and denominator by the conjugate.
Math,HSSC 1,Complex Numbers,Mathematics,Algebra / Complex Numbers,data/math/v3-11-maths-book-2025.txt,Conjugate of a Complex Number,Definition of complex conjugate (z̄ = x - iy),Defining the conjugate and its use in calculations.
Math,HSSC 1,Complex Numbers,Mathematics,Algebra / Complex Numbers,data/math/v3-11-maths-book-2025.txt,Conjugate of a Complex Number,Geometric interpretation of the conjugate (mirror image about x-axis),Visualizing conjugate as reflection across the real axis.
Math,HSSC 1,Complex Numbers,Mathematics,Algebra / Complex Numbers,data/math/v3-11-maths-book-2025.txt,Magnitude or Modulus of a Complex Number,Definition of magnitude/modulus (|z| = √(x² + y²)),Finding the distance of a complex number from the origin.
Math,HSSC 1,Complex Numbers,Mathematics,Algebra / Complex Numbers,data/math/v3-11-maths-book-2025.txt,Magnitude or Modulus of a Complex Number,Geometric interpretation of modulus (distance from origin),Understanding modulus as geometric distance in the complex plane.
Math,HSSC 1,Complex Numbers,Mathematics,Algebra / Complex Numbers,data/math/v3-11-maths-book-2025.txt,Magnitude or Modulus of a Complex Number,"Properties of Modulus (|z| ≥ 0, |z| = 0 ⟺ z = 0)",Key properties of the modulus for calculations and inequalities.
Math,HSSC 1,Complex Numbers,Mathematics,Algebra / Complex Numbers,data/math/v3-11-maths-book-2025.txt,Real and Imaginary Parts of the Complex Numbers of the Types,"Extracting Real and Imaginary parts of zⁿ (for n = 1, -1, 2, -2)",Finding real and imaginary parts of powers of complex numbers.
Math,HSSC 1,Complex Numbers,Mathematics,Algebra / Complex Numbers,data/math/v3-11-maths-book-2025.txt,Real and Imaginary Parts of the Complex Numbers of the Types,"Extracting Real and Imaginary parts of z₁/z₂ (for n = 1, -1)",Finding parts after dividing complex numbers.
Math,HSSC 1,Complex Numbers,Mathematics,Algebra / Complex Numbers,data/math/v3-11-maths-book-2025.txt,Solution of Equations,Solving simultaneous linear equations with complex coefficients,Solving linear equations with complex numbers.
Math,HSSC 1,Complex Numbers,Mathematics,Algebra / Complex Numbers,data/math/v3-11-maths-book-2025.txt,Solution of Equations,Solving quadratic equations by completing the square,Solving quadratic equations with complex roots.
Math,HSSC 1,Complex Numbers,Mathematics,Algebra / Complex Numbers,data/math/v3-11-maths-book-2025.txt,Complex Polynomial and Factorization,"Factorizing polynomials using complex roots (e.g., z² + a²)",Factoring polynomials that have complex solutions.
Math,HSSC 1,Complex Numbers,Mathematics,Algebra / Complex Numbers,data/math/v3-11-maths-book-2025.txt,Complex Polynomial and Factorization,Writing a polynomial P(z) as a product of linear factors,Expressing polynomials in terms of linear complex factors.
Math,HSSC 1,Complex Numbers,Mathematics,Algebra / Complex Numbers,data/math/v3-11-maths-book-2025.txt,Polar Coordinate System,Explanation of the polar coordinate system,Introduction to polar form of complex numbers.
Math,HSSC 1,Complex Numbers,Mathematics,Algebra / Complex Numbers,data/math/v3-11-maths-book-2025.txt,Polar Form and Properties,Description of the polar representation of a complex number,Expressing complex numbers in modulus-argument form.
Math,HSSC 1,Complex Numbers,Mathematics,Algebra / Complex Numbers,data/math/v3-11-maths-book-2025.txt,Polar Form and Properties,Conversion between algebraic and polar form,Changing between rectangular and polar representations.
Math,HSSC 1,Complex Numbers,Mathematics,Algebra / Complex Numbers,data/math/v3-11-maths-book-2025.txt,Polar Form and Properties,Applying basic operations with complex numbers in polar representation,"Performing multiplication, division in polar form."
Math,HSSC 1,Complex Numbers,Mathematics,Algebra / Complex Numbers,data/math/v3-11-maths-book-2025.txt,Polar Form and Properties,De Moivre’s theorem and its applications,Using De Moivre’s theorem for powers and roots.
Math,HSSC 1,Complex Numbers,Mathematics,Algebra / Complex Numbers,data/math/v3-11-maths-book-2025.txt,Polar Form and Properties,nth roots of complex numbers,Calculating nth roots using polar form.
Math,HSSC 1,Complex Numbers,Mathematics,Algebra / Complex Numbers,data/math/v3-11-maths-book-2025.txt,Polar Form and Properties,Roots of unity (geometric interpretation),Geometric understanding of roots of unity on the complex plane.
Math,HSSC 1,Complex Numbers,Mathematics,Algebra / Complex Numbers,data/math/v3-11-maths-book-2025.txt,Applications,"Applications of complex numbers (e.g., cryptography, wave phenomena, circuits)",Practical applications of complex numbers in various fields.
Math,HSSC 1,Matrices and Determinants,Mathematics,Algebra / Linear Algebra,data/math/v3-11-maths-book-2025.txt,Introduction to Matrices,Constructing a matrix (A=(aᵢⱼ)),Defining and constructing matrices with elements.
Math,HSSC 1,Matrices and Determinants,Mathematics,Algebra / Linear Algebra,data/math/v3-11-maths-book-2025.txt,Types of Matrices,Diagonal matrix,Introduction to diagonal matrices.
Math,HSSC 1,Matrices and Determinants,Mathematics,Algebra / Linear Algebra,data/math/v3-11-maths-book-2025.txt,Types of Matrices,Triangular matrix (Upper and Lower),Understanding upper and lower triangular matrices.
Math,HSSC 1,Matrices and Determinants,Mathematics,Algebra / Linear Algebra,data/math/v3-11-maths-book-2025.txt,Types of Matrices,Unit (Identity) matrix,Definition and properties of the identity matrix.
Math,HSSC 1,Matrices and Determinants,Mathematics,Algebra / Linear Algebra,data/math/v3-11-maths-book-2025.txt,Types of Matrices,Zero matrix,Definition and properties of zero matrix.
Math,HSSC 1,Matrices and Determinants,Mathematics,Algebra / Linear Algebra,data/math/v3-11-maths-book-2025.txt,Equality and Operations,Condition for the equality of matrices,Rules for when two matrices are equal.
Math,HSSC 1,Matrices and Determinants,Mathematics,Algebra / Linear Algebra,data/math/v3-11-maths-book-2025.txt,Determinants of Matrices,Determinant of a 2x2 matrix,Calculating determinant for 2x2 matrices.
Math,HSSC 1,Matrices and Determinants,Mathematics,Algebra / Linear Algebra,data/math/v3-11-maths-book-2025.txt,Determinants of Matrices,Calculating cofactors and adjoint of a matrix,Finding cofactors and adjoint to compute determinants or inverses.
Math,HSSC 1,Matrices and Determinants,Mathematics,Algebra / Linear Algebra,data/math/v3-11-maths-book-2025.txt,Properties of Determinants,Applying row/column operations to simplify determinants,Simplifying determinant calculation using row/column operations.
Math,HSSC 1,Matrices and Determinants,Mathematics,Algebra / Linear Algebra,data/math/v3-11-maths-book-2025.txt,Inverse of a Matrix,Calculating the inverse of a matrix,Methods to find the inverse using adjoint and determinant.
Math,HSSC 1,Matrices and Determinants,Mathematics,Algebra / Linear Algebra,data/math/v3-11-maths-book-2025.txt,Solution of Linear Systems,Solving linear systems using matrices (Cramer's Rule or Matrix Inverse Method),Solving linear equations using matrix methods.
Math,HSSC 1,Sequences and Series,Mathematics,Algebra / Sequences,data/math/v3-11-maths-book-2025.txt,Introduction to Sequences,Identifying sequences (Arithmetic or Geometric),Recognizing types of sequences in problems.
Math,HSSC 1,Sequences and Series,Mathematics,Algebra / Sequences,data/math/v3-11-maths-book-2025.txt,Arithmetic Progression (AP),Solving problems analyzing Arithmetic Sequence and Series (up to n terms),Finding terms and sums in arithmetic sequences.
Math,HSSC 1,Sequences and Series,Mathematics,Algebra / Sequences,data/math/v3-11-maths-book-2025.txt,Arithmetic Progression (AP),Arithmetic Mean (AM),Calculating arithmetic mean between terms of a sequence.
Math,HSSC 1,Sequences and Series,Mathematics,Algebra / Sequences,data/math/v3-11-maths-book-2025.txt,Geometric Progression (GP),Solving problems analyzing Geometric Sequence and Series (up to n terms),Finding terms and sums in geometric sequences.
Math,HSSC 1,Sequences and Series,Mathematics,Algebra / Sequences,data/math/v3-11-maths-book-2025.txt,Geometric Progression (GP),Geometric Mean (GM),Calculating geometric mean in sequences.
Math,HSSC 1,Sequences and Series,Mathematics,Algebra / Sequences,data/math/v3-11-maths-book-2025.txt,Harmonic Progression (HP),Solving problems analyzing Harmonic Sequences and Series (up to n terms),Finding terms and sums in harmonic sequences.
Math,HSSC 1,Sequences and Series,Mathematics,Algebra / Sequences,data/math/v3-11-maths-book-2025.txt,Harmonic Progression (HP),Harmonic Mean (HM),Calculating harmonic mean between terms.
Math,HSSC 1,Sequences and Series,Mathematics,Algebra / Sequences,data/math/v3-11-maths-book-2025.txt,Summation Notation (Σ),Recognizing and using Sigma notation (Σ),Understanding and using summation notation in sequences.
Math,HSSC 1,Sequences and Series,Mathematics,Algebra / Sequences,data/math/v3-11-maths-book-2025.txt,Summation Notation (Σ),Finding the sum of the first n natural numbers (Σn),Formula and method for sum of first n natural numbers.
Math,HSSC 1,Sequences and Series,Mathematics,Algebra / Sequences,data/math/v3-11-maths-book-2025.txt,Summation Notation (Σ),Finding the sum of the squares of the first n natural numbers (Σn²),Computing sum of squares of first n numbers.
Math,HSSC 1,Sequences and Series,Mathematics,Algebra / Sequences,data/math/v3-11-maths-book-2025.txt,Summation Notation (Σ),Finding the sum of the cubes of the first n natural numbers (Σn³),Computing sum of cubes of first n numbers.
Math,HSSC 1,Sequences and Series,Mathematics,Algebra / Sequences,data/math/v3-11-maths-book-2025.txt,Arithmetico-Geometric Series,Defining Arithmetico-Geometric Series,Introduction to sequences combining arithmetic and geometric patterns.
Math,HSSC 1,Sequences and Series,Mathematics,Algebra / Sequences,data/math/v3-11-maths-book-2025.txt,Arithmetico-Geometric Series,Finding sum to n terms of the Arithmetico-Geometric Series,Method to compute sum of n terms in AG series.
Math,HSSC 1,Sequences and Series,Mathematics,Algebra / Sequences,data/math/v3-11-maths-book-2025.txt,Real World Problems,Solving real world problems using sequences and series concepts,Applying sequences/series to practical problems.
Math,HSSC 1,Division of Polynomials,Mathematics,Algebra / Polynomials,data/math/v3-11-maths-book-2025.txt,Division of Polynomials,Dividing a polynomial (degree up to 4) by a linear polynomial,Polynomial long division by linear divisor.
Math,HSSC 1,Division of Polynomials,Mathematics,Algebra / Polynomials,data/math/v3-11-maths-book-2025.txt,Division of Polynomials,Dividing a polynomial (degree up to 4) by a quadratic polynomial,Polynomial long division by quadratic divisor.
Math,HSSC 1,Division of Polynomials,Mathematics,Algebra / Polynomials,data/math/v3-11-maths-book-2025.txt,Division of Polynomials,Identifying quotient and remainder after division,Determining quotient and remainder after polynomial division.
Math,HSSC 1,Division of Polynomials,Mathematics,Algebra / Polynomials,data/math/v3-11-maths-book-2025.txt,Remainder Theorem,"Recognizing, demonstrating, and applying the Remainder Theorem",Using the Remainder Theorem to evaluate polynomials at given values.
Math,HSSC 1,Division of Polynomials,Mathematics,Algebra / Polynomials,data/math/v3-11-maths-book-2025.txt,Factor Theorem,"Recognizing, analyzing, and applying the Factor Theorem",Identifying factors of polynomials using the Factor Theorem.
Math,HSSC 1,Division of Polynomials,Mathematics,Algebra / Polynomials,data/math/v3-11-maths-book-2025.txt,Factor Theorem,Factorizing a cubic polynomial using the Factor Theorem,Factorizing cubic polynomials by finding at least one root.
Math,HSSC 1,Division of Polynomials,Mathematics,Algebra / Polynomials,data/math/v3-11-maths-book-2025.txt,Zeros of a Polynomial,Zeros of a polynomial (definition),Defining zeros (roots) of a polynomial.
Math,HSSC 1,Division of Polynomials,Mathematics,Algebra / Polynomials,data/math/v3-11-maths-book-2025.txt,Applications,Applying concepts of Remainder and Factor Theorem to real world problems,Solving practical problems using polynomial theorems.
Math,HSSC 1,Permutation and Combination,Mathematics,Algebra / Counting Techniques,data/math/v3-11-maths-book-2025.txt,Fundamental Principle of Counting,Understanding the Fundamental Principle of Counting,Counting total outcomes using fundamental principle.
Math,HSSC 1,Permutation and Combination,Mathematics,Algebra / Counting Techniques,data/math/v3-11-maths-book-2025.txt,Factorial Notation,Defining and using Factorial notation (n!),Defining factorial and applying in counting problems.
Math,HSSC 1,Permutation and Combination,Mathematics,Algebra / Counting Techniques,data/math/v3-11-maths-book-2025.txt,Permutation,Defining and calculating Permutations (ⁿPᵣ),Arranging objects in order using permutations.
Math,HSSC 1,Permutation and Combination,Mathematics,Algebra / Counting Techniques,data/math/v3-11-maths-book-2025.txt,Combination,Defining and calculating Combinations (ⁿCᵣ),Selecting objects without order using combinations.
Math,HSSC 1,Permutation and Combination,Mathematics,Algebra / Counting Techniques,data/math/v3-11-maths-book-2025.txt,Real World Problems,Solving real world problems involving permutations and combinations,Applying counting techniques to practical scenarios.
Math,HSSC 1,Mathematical Induction and Binomial Theorem,Mathematics,Algebra / Proof and Series,data/math/v3-11-maths-book-2025.txt,Inductive and Deductive Reasoning,Defining Deductive reasoning,Understanding reasoning from general principles to specific cases.
Math,HSSC 1,Mathematical Induction and Binomial Theorem,Mathematics,Algebra / Proof and Series,data/math/v3-11-maths-book-2025.txt,Inductive and Deductive Reasoning,Defining Inductive reasoning,Understanding reasoning from specific examples to general principle.
Math,HSSC 1,Mathematical Induction and Binomial Theorem,Mathematics,Algebra / Proof and Series,data/math/v3-11-maths-book-2025.txt,Mathematical Induction,Principles and application of Mathematical Induction,Proving statements true for all natural numbers using induction.
Math,HSSC 1,Mathematical Induction and Binomial Theorem,Mathematics,Algebra / Proof and Series,data/math/v3-11-maths-book-2025.txt,Binomial Theorem,Defining and applying the Binomial Theorem,Expanding powers of binomials using binomial coefficients.
Math,HSSC 1,Mathematical Induction and Binomial Theorem,Mathematics,Algebra / Proof and Series,data/math/v3-11-maths-book-2025.txt,Binomial Series,Defining and applying the Binomial Series,Generalizing the binomial expansion to series form.
Math,HSSC 1,Fundamental Laws of Trigonometry,Mathematics,Trigonometry / Identities,data/math/v3-11-maths-book-2025.txt,Fundamental Law of Trigonometry,Establishing the Fundamental Law of Trigonometry,Deriving fundamental trigonometric identities.
Math,HSSC 1,Fundamental Laws of Trigonometry,Mathematics,Trigonometry / Identities,data/math/v3-11-maths-book-2025.txt,Trigonometric Ratios of Allied Angles,"Deriving trigonometric ratios of allied angles from the fundamental law,Calculating ratios for complementary, supplementary angles."
Math,HSSC 1,Fundamental Laws of Trigonometry,Mathematics,Trigonometry / Identities,data/math/v3-11-maths-book-2025.txt,Double and Half Angle Identities,Deriving Double and Half Angle Identities from the fundamental law,"Deriving sin2θ, cos2θ, sin(θ/2), cos(θ/2)."
Math,HSSC 1,Fundamental Laws of Trigonometry,Mathematics,Trigonometry / Identities,data/math/v3-11-maths-book-2025.txt,Triple Angle Identities,Deriving Triple Angle Identities,"Formulas for sin3θ, cos3θ, tan3θ."
Math,HSSC 1,Fundamental Laws of Trigonometry,Mathematics,Trigonometry / Identities,data/math/v3-11-maths-book-2025.txt,Sum and Difference Formulae,Deriving Sum and Difference Formulae,"Formulas for sin(A ± B), cos(A ± B), tan(A ± B)."
Math,HSSC 1,Fundamental Laws of Trigonometry,Mathematics,Trigonometry / Identities,data/math/v3-11-maths-book-2025.txt,Product Formulae,Deriving Product Formulae,Transforming sums into products and vice versa.
Math,HSSC 1,Trigonometric Functions,Mathematics,Trigonometry / Functions,data/math/v3-11-maths-book-2025.txt,Domain of Trigonometric Functions,Defining and finding the Domain of trigonometric functions,Identifying valid input values for trig functions.
Math,HSSC 1,Trigonometric Functions,Mathematics,Trigonometry / Functions,data/math/v3-11-maths-book-2025.txt,Range of Trigonometric Functions,Defining and finding the Range of trigonometric functions,Determining possible output values.
Math,HSSC 1,Trigonometric Functions,Mathematics,Trigonometry / Functions,data/math/v3-11-maths-book-2025.txt,Periodicity of Trigonometric Functions,Defining the Periodicity of trigonometric functions,Finding the repeating interval of trig functions.
Math,HSSC 1,Trigonometric Functions,Mathematics,Trigonometry / Functions,data/math/v3-11-maths-book-2025.txt,Maximum and Minimum Values,Finding the Maximum and Minimum values of trigonometric functions,Calculating peaks and troughs for functions.
Math,HSSC 1,Trigonometric Functions,Mathematics,Trigonometry / Functions,data/math/v3-11-maths-book-2025.txt,Graphs of Trigonometric Functions,Drawing and analyzing the Graphs of trigonometric functions,"Plotting sine, cosine, tangent graphs."
Math,HSSC 1,Trigonometric Functions,Mathematics,Trigonometry / Functions,data/math/v3-11-maths-book-2025.txt,Even and Odd Trigonometric Functions,Identifying and applying Even and Odd trigonometric functions,"Using symmetry properties in graphs and calculations."
Math,HSSC 1,Trigonometric Functions,Mathematics,Trigonometry / Functions,data/math/v3-11-maths-book-2025.txt,Applications,Applications of trigonometric functions,Solving real-life problems using trig functions.
Math,HSSC 2,FUNCTIONS AND GRAPHS,Mathematics,Functions,data/math/v2-12-maths-book-2025.txt,FUNCTIONS AND GRAPHS,Definition of a function; mapping notation f: A → B,Understanding functions as mappings from set A to set B.
Math,HSSC 2,FUNCTIONS AND GRAPHS,Mathematics,Functions,data/math/v2-12-maths-book-2025.txt,FUNCTIONS AND GRAPHS,"Domain, codomain and range — determination from formula and graph","Finding domain, codomain, and range from formulas and graphs."
Math,HSSC 2,FUNCTIONS AND GRAPHS,Mathematics,Functions,data/math/v2-12-maths-book-2025.txt,FUNCTIONS AND GRAPHS,"One-one (injective), onto (surjective), into — definitions and checks","Checking if a function is injective, surjective, or neither."
Math,HSSC 2,FUNCTIONS AND GRAPHS,Mathematics,Functions,data/math/v2-12-maths-book-2025.txt,FUNCTIONS AND GRAPHS,Bijective functions and inverses — existence criteria,Identifying functions that are bijective and finding their inverses.
Math,HSSC 2,FUNCTIONS AND GRAPHS,Mathematics,Composite & inverse functions,data/math/v2-12-maths-book-2025.txt,FUNCTIONS AND GRAPHS,Composition of functions (f∘g): definition and evaluation,Calculating composite functions step-by-step.
Math,HSSC 2,FUNCTIONS AND GRAPHS,Mathematics,Composite & inverse functions,data/math/v2-12-maths-book-2025.txt,FUNCTIONS AND GRAPHS,Finding inverse functions algebraically; domain and range of inverse,Determining algebraic inverse and its domain/range.
Math,HSSC 2,FUNCTIONS AND GRAPHS,Mathematics,Linear functions,data/math/v2-12-maths-book-2025.txt,FUNCTIONS AND GRAPHS,"Linear function y = ax + b: slope, intercepts and graph",Graphing linear functions and interpreting slope and intercepts.
Math,HSSC 2,FUNCTIONS AND GRAPHS,Mathematics,Quadratic functions,data/math/v2-12-maths-book-2025.txt,FUNCTIONS AND GRAPHS,"Quadratic y = ax^2 + bx + c: vertex, axis of symmetry, discriminant",Analyzing quadratic function features.
Math,HSSC 2,FUNCTIONS AND GRAPHS,Mathematics,Quadratic functions,data/math/v2-12-maths-book-2025.txt,FUNCTIONS AND GRAPHS,"Sketching parabola, intercepts and vertex form",Drawing parabolas using vertex form.
Math,HSSC 2,FUNCTIONS AND GRAPHS,Mathematics,Square-root & power functions,data/math/v2-12-maths-book-2025.txt,FUNCTIONS AND GRAPHS,Square-root functions: domain restrictions and basic graphs,Plotting and understanding square-root functions.
Math,HSSC 2,FUNCTIONS AND GRAPHS,Mathematics,Power functions,data/math/v2-12-maths-book-2025.txt,FUNCTIONS AND GRAPHS,Plotting y = x^n for integer and rational n,Graphing power functions with different exponents.
Math,HSSC 2,FUNCTIONS AND GRAPHS,Mathematics,Rational functions & asymptotes,data/math/v2-12-maths-book-2025.txt,FUNCTIONS AND GRAPHS,Rational functions: vertical/horizontal asymptotes and holes,Determining asymptotes and discontinuities of rational functions.
Math,HSSC 2,FUNCTIONS AND GRAPHS,Mathematics,Exponential & logarithmic functions,data/math/v2-12-maths-book-2025.txt,FUNCTIONS AND GRAPHS,Exponential functions a^x: properties and graphs,Graphing exponential functions and analyzing growth/decay.
Math,HSSC 2,FUNCTIONS AND GRAPHS,Mathematics,Exponential & logarithmic functions,data/math/v2-12-maths-book-2025.txt,FUNCTIONS AND GRAPHS,"Logarithmic functions: definition, laws of logarithms, change of base",Working with logarithms and their laws.
Math,HSSC 2,FUNCTIONS AND GRAPHS,Mathematics,Applications of exponents/log,data/math/v2-12-maths-book-2025.txt,FUNCTIONS AND GRAPHS,Compound interest and exponential growth/decay examples,Solving practical exponential/logarithmic problems.
Math,HSSC 2,FUNCTIONS AND GRAPHS,Mathematics,Trigonometric functions,data/math/v2-12-maths-book-2025.txt,FUNCTIONS AND GRAPHS,Basic trig functions definitions and unit-circle perspective,"Understanding sin, cos, tan using the unit circle."
Math,HSSC 2,FUNCTIONS AND GRAPHS,Mathematics,Trigonometric functions,data/math/v2-12-maths-book-2025.txt,FUNCTIONS AND GRAPHS,"Graphs of sin x, cos x, tan x: period, amplitude, asymptotes",Sketching and interpreting basic trig function graphs.
Math,HSSC 2,FUNCTIONS AND GRAPHS,Mathematics,Inverse trig & graphs,data/math/v2-12-maths-book-2025.txt,FUNCTIONS AND GRAPHS,"Definition and principal ranges of arcsin, arccos, arctan",Defining inverse trig functions and their principal values.
Math,HSSC 2,FUNCTIONS AND GRAPHS,Mathematics,Graph transformations,data/math/v2-12-maths-book-2025.txt,FUNCTIONS AND GRAPHS,Translations: horizontal/vertical shifts and their effect on domain/range,Shifting graphs horizontally and vertically.
Math,HSSC 2,FUNCTIONS AND GRAPHS,Mathematics,Graph transformations,data/math/v2-12-maths-book-2025.txt,FUNCTIONS AND GRAPHS,Scaling (stretch/compress) and reflections across axes," Stretching, compressing, and reflecting graphs."
Math,HSSC 2,FUNCTIONS AND GRAPHS,Mathematics,Modulus functions,data/math/v2-12-maths-book-2025.txt,FUNCTIONS AND GRAPHS,Graphs of |f(x)| and f(|x|); solving modulus equations graphically,Analyzing modulus transformations and solving related equations.
Math,HSSC 2,FUNCTIONS AND GRAPHS,Mathematics,Piecewise & discontinuities,data/math/v2-12-maths-book-2025.txt,FUNCTIONS AND GRAPHS,"Piecewise functions: domain, graphing and evaluation",Analyzing piecewise functions; plotting graphs and evaluating values.
Math,HSSC 2,FUNCTIONS AND GRAPHS,Mathematics,Graphical solutions,data/math/v2-12-maths-book-2025.txt,FUNCTIONS AND GRAPHS,"Finding intersections graphically (line-line, line-parabola, parabola-parabola)",Solving equations by graphing and identifying intersection points.
Math,HSSC 2,"LIMIT, CONTINUITY AND DERIVATIVE",Mathematics,Limits,data/math/v2-12-maths-book-2025.txt,"LIMIT, CONTINUITY AND DERIVATIVE",Concept of limit: intuitive and ε-δ idea (intro),Understanding limits intuitively and using ε-δ definition.
Math,HSSC 2,"LIMIT, CONTINUITY AND DERIVATIVE",Mathematics,Limits,data/math/v2-12-maths-book-2025.txt,"LIMIT, CONTINUITY AND DERIVATIVE",Left-hand and right-hand limits; existence criteria,Checking limits from left and right; determining existence.
Math,HSSC 2,"LIMIT, CONTINUITY AND DERIVATIVE",Mathematics,Limit techniques,data/math/v2-12-maths-book-2025.txt,"LIMIT, CONTINUITY AND DERIVATIVE","Algebraic limit computation: factorization, conjugate method, substitution",Computing limits using algebraic simplification techniques.
Math,HSSC 2,"LIMIT, CONTINUITY AND DERIVATIVE",Mathematics,Limit rules,data/math/v2-12-maths-book-2025.txt,"LIMIT, CONTINUITY AND DERIVATIVE","Limit laws: sum, difference, product, quotient, composition",Applying limit properties to simplify calculations.
Math,HSSC 2,"LIMIT, CONTINUITY AND DERIVATIVE",Mathematics,Continuity,data/math/v2-12-maths-book-2025.txt,"LIMIT, CONTINUITY AND DERIVATIVE",Continuity at a point: three conditions and examples,Checking if a function is continuous at a given point.
Math,HSSC 2,"LIMIT, CONTINUITY AND DERIVATIVE",Mathematics,Continuity,data/math/v2-12-maths-book-2025.txt,"LIMIT, CONTINUITY AND DERIVATIVE","Types of discontinuities: removable, jump, infinite",Classifying discontinuities and giving examples.
Math,HSSC 2,"LIMIT, CONTINUITY AND DERIVATIVE",Mathematics,Derivatives - definition,data/math/v2-12-maths-book-2025.txt,"LIMIT, CONTINUITY AND DERIVATIVE",Derivative as limit of difference quotient; geometric meaning (slope of tangent),Understanding derivative as tangent slope and rate of change.
Math,HSSC 2,"LIMIT, CONTINUITY AND DERIVATIVE",Mathematics,Differentiation rules,data/math/v2-12-maths-book-2025.txt,"LIMIT, CONTINUITY AND DERIVATIVE","Power rule, constant multiple, sum/difference rules",Applying basic differentiation rules to simple functions.
Math,HSSC 2,"LIMIT, CONTINUITY AND DERIVATIVE",Mathematics,Differentiation rules,data/math/v2-12-maths-book-2025.txt,"LIMIT, CONTINUITY AND DERIVATIVE",Product and quotient rules; chain rule with examples,"Using product, quotient, and chain rules to differentiate complex functions."
Math,HSSC 2,"LIMIT, CONTINUITY AND DERIVATIVE",Mathematics,Derivatives of functions,data/math/v2-12-maths-book-2025.txt,"LIMIT, CONTINUITY AND DERIVATIVE","Derivatives of polynomials, exponentials, logs, trig and inverse trig",Finding derivatives of common function types.
Math,HSSC 2,"LIMIT, CONTINUITY AND DERIVATIVE",Mathematics,Higher derivatives,data/math/v2-12-maths-book-2025.txt,"LIMIT, CONTINUITY AND DERIVATIVE","Second and higher order derivatives and notation (f'', f^{(n)})",Computing higher order derivatives and understanding their notation.
Math,HSSC 2,"LIMIT, CONTINUITY AND DERIVATIVE",Mathematics,Applications of derivative,data/math/v2-12-maths-book-2025.txt,"LIMIT, CONTINUITY AND DERIVATIVE",Tangent & normal to curve; instantaneous rate of change,Using derivatives to find tangent/normal lines and instantaneous rates.
Math,HSSC 2,"LIMIT, CONTINUITY AND DERIVATIVE",Mathematics,Applications of derivative,data/math/v2-12-maths-book-2025.txt,"LIMIT, CONTINUITY AND DERIVATIVE","Related rates word problems (geometry, motion)",Solving related rates problems in practical contexts.
Math,HSSC 2,"LIMIT, CONTINUITY AND DERIVATIVE",Mathematics,Applications of derivative,data/math/v2-12-maths-book-2025.txt,"LIMIT, CONTINUITY AND DERIVATIVE",Optimization problems: local/global extrema and constrained examples,Finding maxima/minima in various scenarios.
Math,HSSC 2,"LIMIT, CONTINUITY AND DERIVATIVE",Mathematics,Tests for extrema,data/math/v2-12-maths-book-2025.txt,"LIMIT, CONTINUITY AND DERIVATIVE",Critical points; first derivative test,Identifying extrema using first derivative test.
Math,HSSC 2,"LIMIT, CONTINUITY AND DERIVATIVE",Mathematics,Tests for extrema,data/math/v2-12-maths-book-2025.txt,"LIMIT, CONTINUITY AND DERIVATIVE",Second derivative test; inflection points and concavity,Using second derivative to test concavity and inflection points.
Math,HSSC 2,"LIMIT, CONTINUITY AND DERIVATIVE",Mathematics,Differentiation techniques,data/math/v2-12-maths-book-2025.txt,"LIMIT, CONTINUITY AND DERIVATIVE",Implicit differentiation with examples,Applying implicit differentiation to find derivatives.
Math,HSSC 2,"LIMIT, CONTINUITY AND DERIVATIVE",Mathematics,Parametric differentiation,data/math/v2-12-maths-book-2025.txt,"LIMIT, CONTINUITY AND DERIVATIVE",Derivatives of parametric curves; dy/dx and d^2y/dx^2,Calculating derivatives for parametric equations.
Math,HSSC 2,"LIMIT, CONTINUITY AND DERIVATIVE",Mathematics,Differentials & approximation,data/math/v2-12-maths-book-2025.txt,"LIMIT, CONTINUITY AND DERIVATIVE","Differentials, linear approximation and error estimation",Using differentials for approximation and error analysis.
Math,HSSC 2,INTEGRATION,Mathematics,Antiderivative & indefinite integral,data/math/v2-12-maths-book-2025.txt,INTEGRATION,Antiderivative definition and basic integral formulas,Understanding antiderivatives and computing simple integrals.
Math,HSSC 2,INTEGRATION,Mathematics,Definite integral & FTC,data/math/v2-12-maths-book-2025.txt,INTEGRATION,Definite integrals and the Fundamental Theorem of Calculus,Connecting definite integrals with antiderivatives via FTC.
Math,HSSC 2,INTEGRATION,Mathematics,Integration techniques,data/math/v2-12-maths-book-2025.txt,INTEGRATION,Substitution method (u-sub) for integrals,Performing substitution to simplify integrals.
Math,HSSC 2,INTEGRATION,Mathematics,Integration techniques,data/math/v2-12-maths-book-2025.txt,INTEGRATION,"Integration by parts: formula, tabular method examples",Applying integration by parts to solve integrals.
Math,HSSC 2,INTEGRATION,Mathematics,Integration of rational functions,data/math/v2-12-maths-book-2025.txt,INTEGRATION,Partial fraction decomposition and integration,Decomposing rational functions and integrating each part.
Math,HSSC 2,INTEGRATION,Mathematics,Trigonometric integrals,data/math/v2-12-maths-book-2025.txt,INTEGRATION,"Integrals of sin^n x, cos^n x; using identities",Integrating powers of sine and cosine using identities.
Math,HSSC 2,INTEGRATION,Mathematics,Trigonometric integrals,data/math/v2-12-maths-book-2025.txt,INTEGRATION,"Integrals of sec x, tan x and inverse trig integrals",Handling trigonometric and inverse trig integrals.
Math,HSSC 2,INTEGRATION,Mathematics,Definite integral properties,data/math/v2-12-maths-book-2025.txt,INTEGRATION,"Properties: additivity, constant multiple, interchanging limits",Applying properties of definite integrals to simplify calculations.
Math,HSSC 2,INTEGRATION,Mathematics,Applications of integration,data/math/v2-12-maths-book-2025.txt,INTEGRATION,Area under curve and area between curves,Computing area under curves and between curves.
Math,HSSC 2,INTEGRATION,Mathematics,Applications of integration,data/math/v2-12-maths-book-2025.txt,INTEGRATION,Volumes by disks and washers (intro),Finding volumes of solids using disks/washers method.
Math,HSSC 2,INTEGRATION,Mathematics,Numerical integration basics,data/math/v2-12-maths-book-2025.txt,INTEGRATION,Trapezoidal rule (basic idea) and error concept,Approximating integrals numerically using trapezoidal rule.
Math,HSSC 2,DIFFERENTIAL EQUATIONS,Mathematics,Intro to DEs,data/math/v2-12-maths-book-2025.txt,DIFFERENTIAL EQUATIONS,Definition of differential equation; order and degree,Understanding differential equations and their classifications.
Math,HSSC 2,DIFFERENTIAL EQUATIONS,Mathematics,First-order DEs,data/math/v2-12-maths-book-2025.txt,DIFFERENTIAL EQUATIONS,Separable equations: method and examples,Solving first-order separable differential equations.
Math,HSSC 2,DIFFERENTIAL EQUATIONS,Mathematics,First-order DEs,data/math/v2-12-maths-book-2025.txt,DIFFERENTIAL EQUATIONS,Linear first-order DEs and integrating factor,Solving linear first-order differential equations using integrating factor.
Math,HSSC 2,DIFFERENTIAL EQUATIONS,Mathematics,Solving DEs,data/math/v2-12-maths-book-2025.txt,DIFFERENTIAL EQUATIONS,General vs particular solutions; initial value problems,Distinguishing general and particular solutions; solving IVPs.
Math,HSSC 2,DIFFERENTIAL EQUATIONS,Mathematics,Applications of DEs,data/math/v2-12-maths-book-2025.txt,DIFFERENTIAL EQUATIONS,"Exponential growth and decay models (population, radioactive)",Modeling real-life growth/decay with differential equations.
Math,HSSC 2,KINEMATICS OF MOTION IN A STRAIGHT LINE,Mathematics,Scalars & vectors,data/math/v2-12-maths-book-2025.txt,KINEMATICS OF MOTION IN A STRAIGHT LINE,Distance vs displacement; speed vs velocity,Comparing scalar and vector quantities in motion.
Math,HSSC 2,KINEMATICS OF MOTION IN A STRAIGHT LINE,Mathematics,Position/velocity/acceleration,data/math/v2-12-maths-book-2025.txt,KINEMATICS OF MOTION IN A STRAIGHT LINE,"Position function s(t), velocity v(t)=s'(t), acceleration a(t)=v'(t)",Using derivatives to describe motion.
Math,HSSC 2,KINEMATICS OF MOTION IN A STRAIGHT LINE,Mathematics,Graph interpretation,data/math/v2-12-maths-book-2025.txt,KINEMATICS OF MOTION IN A STRAIGHT LINE,Reading displacement-time and velocity-time graphs; interpreting area and slope,Analyzing graphs to determine motion parameters.
Math,HSSC 2,KINEMATICS OF MOTION IN A STRAIGHT LINE,Mathematics,Equations of motion,data/math/v2-12-maths-book-2025.txt,KINEMATICS OF MOTION IN A STRAIGHT LINE,Constant-acceleration formulas and derivation,Deriving and applying motion equations under constant acceleration.
Math,HSSC 2,KINEMATICS OF MOTION IN A STRAIGHT LINE,Mathematics,Projectile motion,data/math/v2-12-maths-book-2025.txt,KINEMATICS OF MOTION IN A STRAIGHT LINE,"Projectile: time of flight, range, max height (1D decomposition)",Analyzing projectile motion parameters using 1D components.
Math,HSSC 2,ANALYTICAL GEOMETRY,Mathematics,Coordinate geometry basics,data/math/v2-12-maths-book-2025.txt,ANALYTICAL GEOMETRY,Cartesian coordinates; distance formula and midpoint,Using coordinates to compute distances and midpoints.
Math,HSSC 2,ANALYTICAL GEOMETRY,Mathematics,Straight lines,data/math/v2-12-maths-book-2025.txt,ANALYTICAL GEOMETRY,"Equation of a line: slope-intercept, point-slope, normal form",Deriving line equations in different forms.
Math,HSSC 2,ANALYTICAL GEOMETRY,Mathematics,Circles,data/math/v2-12-maths-book-2025.txt,ANALYTICAL GEOMETRY,"Circle standard equation, center-radius form, chord and tangent properties",Solving problems involving circle equations and tangents.
Math,HSSC 2,ANALYTICAL GEOMETRY,Mathematics,Conics: parabola,data/math/v2-12-maths-book-2025.txt,ANALYTICAL GEOMETRY,"Parabola: standard form, focus-directrix, focal parameter",Analyzing parabolas using focus-directrix definition.
Math,HSSC 2,ANALYTICAL GEOMETRY,Mathematics,Conics: ellipse,data/math/v2-12-maths-book-2025.txt,ANALYTICAL GEOMETRY,"Ellipse: standard form, major/minor axes, eccentricity","Studying ellipses, axes, and eccentricity."
Math,HSSC 2,ANALYTICAL GEOMETRY,Mathematics,Conics: hyperbola,data/math/v2-12-maths-book-2025.txt,ANALYTICAL GEOMETRY,"Hyperbola: standard form, asymptotes and eccentricity",Properties and equations of hyperbolas and asymptotes.
Math,HSSC 2,CONIC SECTION,Mathematics,Conic general properties,data/math/v2-12-maths-book-2025.txt,CONIC SECTION,General conic classification via discriminant and rotation,Classifying conics using discriminant and coordinate rotation.
Math,HSSC 2,CONIC SECTION,Mathematics,Parabola applications,data/math/v2-12-maths-book-2025.txt,CONIC SECTION,Parabolic reflector properties and engineering examples,Applications of parabolas in engineering and optics.
Math,HSSC 2,INVERSE TRIGONOMETRIC FUNCTIONS AND THEIR GRAPHS,Mathematics,Inverse trig principal values,data/math/v2-12-maths-book-2025.txt,INVERSE TRIGONOMETRIC FUNCTIONS AND THEIR GRAPHS,"Principal value ranges for arcsin, arccos, arctan, arcsec, arccsc, arccot",Understanding principal value ranges for inverse trig functions
Math,HSSC 2,INVERSE TRIGONOMETRIC FUNCTIONS AND THEIR GRAPHS,Mathematics,Graphs of inverse trig,data/math/v2-12-maths-book-2025.txt,INVERSE TRIGONOMETRIC FUNCTIONS AND THEIR GRAPHS,Sketching graphs of inverse trig functions and symmetry properties,"Graphing arcsin, arccos, arctan, arcsec, arccsc, arccot"
Math,HSSC 2,INVERSE TRIGONOMETRIC FUNCTIONS AND THEIR GRAPHS,Mathematics,Identities for inverse trig,data/math/v2-12-maths-book-2025.txt,INVERSE TRIGONOMETRIC FUNCTIONS AND THEIR GRAPHS,Addition/subtraction formulas for inverse trig (selected identities),Using key identities for solving inverse trig problems
Math,HSSC 2,SOLUTION OF TRIGONOMETRIC EQUATIONS,Mathematics,Basic trig equation solving,data/math/v2-12-maths-book-2025.txt,SOLUTION OF TRIGONOMETRIC EQUATIONS,"Solving sin x = a, cos x = b, tan x = c: principal and general solutions",Solving simple trig equations and expressing general solutions
Math,HSSC 2,SOLUTION OF TRIGONOMETRIC EQUATIONS,Mathematics,Use of identities to solve,data/math/v2-12-maths-book-2025.txt,SOLUTION OF TRIGONOMETRIC EQUATIONS,Using sum/difference and double-angle identities to solve equations,Applying trig identities for equation solving
Math,HSSC 2,SOLUTION OF TRIGONOMETRIC EQUATIONS,Mathematics,Applied trig equations,data/math/v2-12-maths-book-2025.txt,SOLUTION OF TRIGONOMETRIC EQUATIONS,Solving trig equations in specified intervals (0 to 2π etc.),Finding solutions within given intervals
Math,HSSC 2,NUMERICAL METHODS,Mathematics,Root-finding methods,data/math/v2-12-maths-book-2025.txt,NUMERICAL METHODS,Bisection method: concept and convergence idea,Understanding and applying bisection method
Math,HSSC 2,NUMERICAL METHODS,Mathematics,Root-finding methods,data/math/v2-12-maths-book-2025.txt,NUMERICAL METHODS,Newton-Raphson method: iteration and error behaviour,Iterative root-finding using Newton-Raphson method
Math,HSSC 2,NUMERICAL METHODS,Mathematics,Numerical integration,data/math/v2-12-maths-book-2025.txt,NUMERICAL METHODS,Trapezoidal and Simpson's approximations (concepts and error),Approximate integration with error considerations
Math,HSSC 2,SEQUENCES AND SERIES,Mathematics,Arithmetic sequences,data/math/v2-12-maths-book-2025.txt,SEQUENCES AND SERIES,"Definition, nth term, sum of arithmetic progression",Properties and formulas for arithmetic sequences
Math,HSSC 2,SEQUENCES AND SERIES,Mathematics,Geometric sequences,data/math/v2-12-maths-book-2025.txt,SEQUENCES AND SERIES,"Geometric sequence: nth term, sum of finite and infinite GP",Formulas for geometric sequences and sums
Math,HSSC 2,SEQUENCES AND SERIES,Mathematics,Special series,data/math/v2-12-maths-book-2025.txt,SEQUENCES AND SERIES,"Harmonic sequence, arithmetic mean, geometric mean",Working with harmonic sequences and mean values
Math,HSSC 2,BINOMIAL THEOREM & FACTORIALS,Mathematics,Factorial notation,data/math/v2-12-maths-book-2025.txt,BINOMIAL THEOREM & FACTORIALS,Factorial notation n! and basic identities (0! = 1),Understanding factorial and simple properties
Math,HSSC 2,BINOMIAL THEOREM & FACTORIALS,Mathematics,Permutations & combinations,data/math/v2-12-maths-book-2025.txt,BINOMIAL THEOREM & FACTORIALS,"Permutations P(n,r) and basic examples (distinct arrangements)",Calculating permutations for distinct objects
Math,HSSC 2,BINOMIAL THEOREM & FACTORIALS,Mathematics,Permutations & combinations,data/math/v2-12-maths-book-2025.txt,BINOMIAL THEOREM & FACTORIALS,"Combinations C(n,r), symmetry, Pascal's identity",Calculating combinations and using Pascal's identity
Math,HSSC 2,BINOMIAL THEOREM & FACTORIALS,Mathematics,Combinations with repetition,data/math/v2-12-maths-book-2025.txt,BINOMIAL THEOREM & FACTORIALS,"Combinations with repetition formula: C(n+r-1,r)",Handling repeated elements in combinations
Math,HSSC 2,BINOMIAL THEOREM & FACTORIALS,Mathematics,Binomial theorem,data/math/v2-12-maths-book-2025.txt,BINOMIAL THEOREM & FACTORIALS,Binomial theorem for positive integer exponent; binomial coefficients,Expanding (a+b)^n and computing coefficients
Math,HSSC 2,BINOMIAL THEOREM & FACTORIALS,Mathematics,Binomial series,data/math/v2-12-maths-book-2025.txt,BINOMIAL THEOREM & FACTORIALS,Binomial series for fractional/negative powers (intro),Intro to binomial series for non-integer exponents
Math,HSSC 2,MATRICES AND DETERMINANTS,Mathematics,Matrices basics,data/math/v2-12-maths-book-2025.txt,MATRICES AND DETERMINANTS,"Types of matrices (square, diagonal, identity, triangular)",Identifying different types of matrices
Math,HSSC 2,MATRICES AND DETERMINANTS,Mathematics,Matrix algebra,data/math/v2-12-maths-book-2025.txt,MATRICES AND DETERMINANTS,"Matrix addition, multiplication rules and properties",Performing matrix operations
Math,HSSC 2,MATRICES AND DETERMINANTS,Mathematics,Determinants,data/math/v2-12-maths-book-2025.txt,MATRICES AND DETERMINANTS,"Determinant definition, properties and computation (2x2, 3x3)",Calculating determinants and understanding properties
Math,HSSC 2,MATRICES AND DETERMINANTS,Mathematics,Inverse & rank,data/math/v2-12-maths-book-2025.txt,MATRICES AND DETERMINANTS,Multiplicative inverse of matrix and rank; row operations,Computing matrix inverse and rank
Math,HSSC 2,MATRICES AND DETERMINANTS,Mathematics,Linear systems,data/math/v2-12-maths-book-2025.txt,MATRICES AND DETERMINANTS,Augmented matrix and solving systems (Gaussian elimination),Solving systems of equations using matrices
Math,HSSC 2,VECTORS,Mathematics,Vector algebra,data/math/v2-12-maths-book-2025.txt,VECTORS,"Vector addition, subtraction and scalar multiplication",Basic vector operations
Math,HSSC 2,VECTORS,Mathematics,Dot product,data/math/v2-12-maths-book-2025.txt,VECTORS,"Dot product, projection, angle between vectors, direction cosines",Calculating dot product and related properties
Math,HSSC 2,VECTORS,Mathematics,Cross product,data/math/v2-12-maths-book-2025.txt,VECTORS,"Cross product, magnitude, direction and applications (area, torque)",Computing cross product and geometric applications
Math,HSSC 2,VECTORS,Mathematics,Scalar triple product,data/math/v2-12-maths-book-2025.txt,VECTORS,Scalar triple product and volume of parallelepiped,Using scalar triple product to find volume
Math,HSSC 2,COMPLEX NUMBERS,Mathematics,Complex algebra,data/math/v2-12-maths-book-2025.txt,COMPLEX NUMBERS,"Definition a+bi, addition, multiplication, conjugate and modulus",Basic operations with complex numbers
Math,HSSC 2,COMPLEX NUMBERS,Mathematics,Polar form & De Moivre,data/math/v2-12-maths-book-2025.txt,COMPLEX NUMBERS,"Polar representation, multiplication/division in polar form, De Moivre's theorem",Expressing complex numbers in polar form and using De Moivre
Math,HSSC 2,COMPLEX NUMBERS,Mathematics,Roots of complex numbers,data/math/v2-12-maths-book-2025.txt,COMPLEX NUMBERS,n-th roots and geometric interpretation on complex plane,Finding n-th roots of complex numbers and plotting
Math,HSSC 2,MISCELLANEOUS & REVIEW,Mathematics,Remainder & factor theorems,data/math/v2-12-maths-book-2025.txt,MISCELLANEOUS & REVIEW,Remainder theorem and factor theorem for polynomials,Applying remainder and factor theorems
Math,HSSC 2,MISCELLANEOUS & REVIEW,Mathematics,Mathematical induction,data/math/v2-12-maths-book-2025.txt,MISCELLANEOUS & REVIEW,Principle of mathematical induction and common proofs,Proving statements using induction
Math,HSSC 2,MISCELLANEOUS & REVIEW,Mathematics,Misc. identities,data/math/v2-12-maths-book-2025.txt,MISCELLANEOUS & REVIEW,"Algebraic identities and typical MCQ fodder (factorizations, symmetric sums)",Using key algebraic identities for problem solving
Physics,HSSC 1,Kinematics,Mechanics,Motion,data/physics/v3-11-physics-book-2025.txt,Kinematics,Scalars and vectors,Understanding scalars and vectors in motion
Physics,HSSC 1,Kinematics,Mechanics,Motion,data/physics/v3-11-physics-book-2025.txt,Kinematics,Distance and displacement,Differentiating distance vs displacement
Physics,HSSC 1,Kinematics,Mechanics,Motion,data/physics/v3-11-physics-book-2025.txt,Kinematics,Speed and velocity,Defining speed and velocity
Physics,HSSC 1,Kinematics,Mechanics,Motion,data/physics/v3-11-physics-book-2025.txt,Kinematics,Acceleration,Understanding acceleration as rate of change of velocity
Physics,HSSC 1,Kinematics,Mechanics,Motion,data/physics/v3-11-physics-book-2025.txt,Kinematics,Equations of uniformly accelerated motion,Deriving and applying kinematic equations
Physics,HSSC 1,Kinematics,Mechanics,Motion,data/physics/v3-11-physics-book-2025.txt,Kinematics,Projectile motion,Analyzing projectile motion parameters
Physics,HSSC 1,Dynamics,Mechanics,Forces,data/physics/v3-11-physics-book-2025.txt,Dynamics,Newton’s laws of motion,Understanding Newton’s laws
Physics,HSSC 1,Dynamics,Mechanics,Forces,data/physics/v3-11-physics-book-2025.txt,Dynamics,"Inertia, mass, and force","Concepts of inertia, mass, and force"
Physics,HSSC 1,Dynamics,Mechanics,Forces,data/physics/v3-11-physics-book-2025.txt,Dynamics,Momentum and impulse,Applying momentum and impulse concepts
Physics,HSSC 1,Dynamics,Mechanics,Forces,data/physics/v3-11-physics-book-2025.txt,Dynamics,Friction,Understanding frictional forces
Physics,HSSC 1,Dynamics,Mechanics,Forces,data/physics/v3-11-physics-book-2025.txt,Dynamics,Circular motion,Analyzing circular motion forces
Physics,HSSC 1,"Work, Energy & Power",Mechanics,Energy,data/physics/v3-11-physics-book-2025.txt,"Work, Energy and Power",Work done,Calculating work done by forces
Physics,HSSC 1,"Work, Energy & Power",Mechanics,Energy,data/physics/v3-11-physics-book-2025.txt,"Work, Energy and Power",Kinetic energy,Defining kinetic energy
Physics,HSSC 1,"Work, Energy & Power",Mechanics,Energy,data/physics/v3-11-physics-book-2025.txt,"Work, Energy and Power",Potential energy,Defining potential energy and its calculation
Physics,HSSC 1,"Work, Energy & Power",Mechanics,Energy,data/physics/v3-11-physics-book-2025.txt,"Work, Energy and Power",Power,Understanding power and its formula
Physics,HSSC 1,"Work, Energy & Power",Mechanics,Energy,data/physics/v3-11-physics-book-2025.txt,"Work, Energy and Power",Conservation of energy,Law of conservation of mechanical energy
Physics,HSSC 1,Properties of Matter,Mechanics,Matter,data/physics/v3-11-physics-book-2025.txt,Properties of Matter,Elasticity,Elastic behavior of materials and Hooke’s law
Physics,HSSC 1,Properties of Matter,Mechanics,Matter,data/physics/v3-11-physics-book-2025.txt,Properties of Matter,Stress–strain curves,Interpreting stress–strain graphs
Physics,HSSC 1,Properties of Matter,Mechanics,Matter,data/physics/v3-11-physics-book-2025.txt,Properties of Matter,Fluid pressure,Pressure in fluids and hydrostatic principle
Physics,HSSC 1,Properties of Matter,Mechanics,Matter,data/physics/v3-11-physics-book-2025.txt,Properties of Matter,Buoyancy,Archimedes’ principle and buoyant force
Physics,HSSC 1,Properties of Matter,Mechanics,Matter,data/physics/v3-11-physics-book-2025.txt,Properties of Matter,Viscosity,Viscous forces and coefficient of viscosity
Physics,HSSC 1,Heat and Thermodynamics,Thermodynamics,Heat,data/physics/v3-11-physics-book-2025.txt,Heat and Thermodynamics,Thermal expansion,"Expansion of solids, liquids, and gases"
Physics,HSSC 1,Heat and Thermodynamics,Thermodynamics,Heat,data/physics/v3-11-physics-book-2025.txt,Heat and Thermodynamics,Heat capacity,Specific heat capacity and calorimetry
Physics,HSSC 1,Heat and Thermodynamics,Thermodynamics,Heat,data/physics/v3-11-physics-book-2025.txt,Heat and Thermodynamics,Latent heat,Heat absorbed/released during phase changes
Physics,HSSC 1,Heat and Thermodynamics,Thermodynamics,Heat,data/physics/v3-11-physics-book-2025.txt,Heat and Thermodynamics,Laws of thermodynamics,First and second laws of thermodynamics
Physics,HSSC 1,Waves,Wave Physics,Oscillations,data/physics/v3-11-physics-book-2025.txt,Waves,Wave characteristics,"Amplitude, wavelength, frequency, speed"
Physics,HSSC 1,Waves,Wave Physics,Oscillations,data/physics/v3-11-physics-book-2025.txt,Waves,Sound waves,Properties and propagation of sound waves
Physics,HSSC 1,Waves,Wave Physics,Oscillations,data/physics/v3-11-physics-book-2025.txt,Waves,Doppler effect,Frequency shift due to relative motion
Physics,HSSC 1,Light,Optics,Light,data/physics/v3-11-physics-book-2025.txt,Light,Reflection,Laws of reflection and plane/curved mirrors
Physics,HSSC 1,Light,Optics,Light,data/physics/v3-11-physics-book-2025.txt,Light,Refraction,Snell’s law and refractive index
Physics,HSSC 1,Light,Optics,Light,data/physics/v3-11-physics-book-2025.txt,Light,Optical instruments,"Lenses, microscopes, and telescopes"
Physics,HSSC 1,Electricity,Electromagnetism,Electricity,data/physics/v3-11-physics-book-2025.txt,Electricity,Electric charge and fields,Coulomb’s law and electric field concepts
Physics,HSSC 1,Electricity,Electromagnetism,Electricity,data/physics/v3-11-physics-book-2025.txt,Electricity,Electric current,"Current, circuits, and conventional flow"
Physics,HSSC 1,Electricity,Electromagnetism,Electricity,data/physics/v3-11-physics-book-2025.txt,Electricity,Resistance and Ohm’s law,Ohm’s law and resistivity
Physics,HSSC 1,Magnetism,Electromagnetism,Magnetism,data/physics/v3-11-physics-book-2025.txt,Magnetism,Magnetic fields,Magnetic field lines and magnetic force
Physics,HSSC 1,Magnetism,Electromagnetism,Magnetism,data/physics/v3-11-physics-book-2025.txt,Magnetism,Electromagnets,Electromagnetic induction and uses
Physics,HSSC 1,Electromagnetism,Electromagnetism,EM Induction,data/physics/v3-11-physics-book-2025.txt,Electromagnetism,Faraday’s law,Induced EMF and applications
Physics,HSSC 1,Electromagnetism,Electromagnetism,EM Induction,data/physics/v3-11-physics-book-2025.txt,Electromagnetism,Lenz’s law,Direction of induced current and EMF
Physics,HSSC 2,Gravitation,Mechanics,Gravity,data/physics/v2-12-physics-book-2025.txt,Gravitation,Newton’s law of universal gravitation,Force between two masses
Physics,HSSC 2,Gravitation,Mechanics,Gravity,data/physics/v2-12-physics-book-2025.txt,Gravitation,Gravitational force and inverse-square law,Distance dependence of gravitational force
Physics,HSSC 2,Gravitation,Mechanics,Gravity,data/physics/v2-12-physics-book-2025.txt,Gravitation,Gravitational field strength,Field strength g and its formula
Physics,HSSC 2,Gravitation,Mechanics,Gravity,data/physics/v2-12-physics-book-2025.txt,Gravitation,Variation of g with altitude,Change of g with height above Earth
Physics,HSSC 2,Gravitation,Mechanics,Gravity,data/physics/v2-12-physics-book-2025.txt,Gravitation,Gravitational potential and potential energy,Potential energy in gravitational field
Physics,HSSC 2,Gravitation,Mechanics,Gravity,data/physics/v2-12-physics-book-2025.txt,Gravitation,Satellites and types of satellite orbits,Classification of satellites
Physics,HSSC 2,Gravitation,Mechanics,Gravity,data/physics/v2-12-physics-book-2025.txt,Gravitation,Orbital velocity,Velocity required for orbit
Physics,HSSC 2,Gravitation,Mechanics,Gravity,data/physics/v2-12-physics-book-2025.txt,Gravitation,Geostationary satellites,Characteristics of geostationary orbit
Physics,HSSC 2,Statistical Mechanics and Thermodynamics,Thermodynamics,Energy,data/physics/v2-12-physics-book-2025.txt,Statistical Mechanics and Thermodynamics,Macrostates and microstates,Microstates and macrostates in thermodynamic systems
Physics,HSSC 2,Statistical Mechanics and Thermodynamics,Thermodynamics,Energy,data/physics/v2-12-physics-book-2025.txt,Statistical Mechanics and Thermodynamics,Entropy,Concept of entropy and disorder
Physics,HSSC 2,Statistical Mechanics and Thermodynamics,Thermodynamics,Energy,data/physics/v2-12-physics-book-2025.txt,Statistical Mechanics and Thermodynamics,Thermodynamic processes,"Isothermal, adiabatic, isobaric, and isochoric processes"
Physics,HSSC 2,Statistical Mechanics and Thermodynamics,Thermodynamics,Energy,data/physics/v2-12-physics-book-2025.txt,Statistical Mechanics and Thermodynamics,Heat engines & efficiency,"Work output and efficiency of engines"
Physics,HSSC 2,Simple Harmonic Motion,Waves & Oscillations,Oscillations,data/physics/v2-12-physics-book-2025.txt,Simple Harmonic Motion,Equations of SHM,"Displacement, velocity, and acceleration in SHM"
Physics,HSSC 2,Simple Harmonic Motion,Waves & Oscillations,Oscillations,data/physics/v2-12-physics-book-2025.txt,Simple Harmonic Motion,Energy in SHM,Kinetic and potential energy in oscillations
Physics,HSSC 2,Simple Harmonic Motion,Waves & Oscillations,Oscillations,data/physics/v2-12-physics-book-2025.txt,Simple Harmonic Motion,Damped oscillations,Exponential decay in oscillatory motion
Physics,HSSC 2,Simple Harmonic Motion,Waves & Oscillations,Oscillations,data/physics/v2-12-physics-book-2025.txt,Simple Harmonic Motion,Forced oscillations & resonance,Driven oscillations and resonance condition
Physics,HSSC 2,Diffraction and Interference,Optics,Waves,data/physics/v2-12-physics-book-2025.txt,Diffraction and Interference,Diffraction patterns,Diffraction from slits and edges
Physics,HSSC 2,Diffraction and Interference,Optics,Waves,data/physics/v2-12-physics-book-2025.txt,Diffraction and Interference,Young’s double-slit interference,Fringe formation and calculation
Physics,HSSC 2,Diffraction and Interference,Optics,Waves,data/physics/v2-12-physics-book-2025.txt,Diffraction and Interference,Diffraction gratings,Multiple-slit diffraction and maxima positions
Physics,HSSC 2,Electric Potential and Capacitor,Electricity,Electrostatics,data/physics/v2-12-physics-book-2025.txt,Electric Potential and Capacitor,Electric potential,Work done per unit charge
Physics,HSSC 2,Electric Potential and Capacitor,Electricity,Electrostatics,data/physics/v2-12-physics-book-2025.txt,Electric Potential and Capacitor,Capacitance,Definition and formulas for capacitors
Physics,HSSC 2,Electric Potential and Capacitor,Electricity,Electrostatics,data/physics/v2-12-physics-book-2025.txt,Electric Potential and Capacitor,Energy stored in capacitors,Energy formula and storage in capacitors
Physics,HSSC 2,Alternating Current,Electricity,AC Circuits,data/physics/v2-12-physics-book-2025.txt,Alternating Current,RMS values,Root-mean-square values of voltage/current
Physics,HSSC 2,Alternating Current,Electricity,AC Circuits,data/physics/v2-12-physics-book-2025.txt,Alternating Current,Capacitive & inductive reactance,Reactance in AC circuits
Physics,HSSC 2,Alternating Current,Electricity,AC Circuits,data/physics/v2-12-physics-book-2025.txt,Alternating Current,Power in AC circuits,"Real, reactive, and apparent power"
Physics,HSSC 2,Alternating Current,Electricity,AC Circuits,data/physics/v2-12-physics-book-2025.txt,Alternating Current,Transformers,Working and applications of transformers
Physics,HSSC 2,Quantum Physics,Modern Physics,Quantum,data/physics/v2-12-physics-book-2025.txt,Quantum Physics,Photoelectric effect,Emission of electrons from surfaces
Physics,HSSC 2,Quantum Physics,Modern Physics,Quantum,data/physics/v2-12-physics-book-2025.txt,Quantum Physics,Wave–particle duality,Light and matter exhibit dual nature
Physics,HSSC 2,Quantum Physics,Modern Physics,Quantum,data/physics/v2-12-physics-book-2025.txt,Quantum Physics,Atomic spectra,Spectra of hydrogen and other elements
Physics,HSSC 2,Quantum Physics,Modern Physics,Quantum,data/physics/v2-12-physics-book-2025.txt,Quantum Physics,Bohr model,Energy levels and transitions in atoms
Physics,HSSC 2,Nuclear Physics,Modern Physics,Nuclear,data/physics/v2-12-physics-book-2025.txt,Nuclear Physics,Radioactivity,Types of radioactive decay
Physics,HSSC 2,Nuclear Physics,Modern Physics,Nuclear,data/physics/v2-12-physics-book-2025.txt,Nuclear Physics,Half-life,Decay constant and calculation
Physics,HSSC 2,Nuclear Physics,Modern Physics,Nuclear,data/physics/v2-12-physics-book-2025.txt,Nuclear Physics,Nuclear fission and fusion,Energy release in fission and fusion
Physics,HSSC 2,Cosmology,Astrophysics,Universe,data/physics/v2-12-physics-book-2025.txt,Cosmology,Big Bang theory,Origin of universe and supporting evidence
Physics,HSSC 2,Cosmology,Astrophysics,Universe,data/physics/v2-12-physics-book-2025.txt,Cosmology,Expansion of the universe,Hubble’s law and redshift
Physics,HSSC 2,Cosmology,Astrophysics,Universe,data/physics/v2-12-physics-book-2025.txt,Cosmology,Dark matter and dark energy,Matter-energy composition of universe
Physics,HSSC 2,Earth’s Climate,Climate Science,Climate,data/physics/v2-12-physics-book-2025.txt,Earth’s Climate,Greenhouse effect,Effect of greenhouse gases
Physics,HSSC 2,Earth’s Climate,Climate Science,Climate,data/physics/v2-12-physics-book-2025.txt,Earth’s Climate,Climate models,Simulation and prediction of climate
Physics,HSSC 2,Earth’s Climate,Climate Science,Climate,data/physics/v2-12-physics-book-2025.txt,Earth’s Climate,Human impact on climate,Anthropogenic influences on climate
Physics,HSSC 2,Medical Imaging,Medical Physics,Imaging,data/physics/v2-12-physics-book-2025.txt,Medical Imaging,X-ray imaging,Principle and use of X-rays
Physics,HSSC 2,Medical Imaging,Medical Physics,Imaging,data/physics/v2-12-physics-book-2025.txt,Medical Imaging,MRI,Magnetic resonance imaging principle
Physics,HSSC 2,Medical Imaging,Medical Physics,Imaging,data/physics/v2-12-physics-book-2025.txt,Medical Imaging,CT scan,Computed tomography imaging technique
Physics,HSSC 2,Medical Imaging,Medical Physics,Imaging,data/physics/v2-12-physics-book-2025.txt,Medical Imaging,PET scan,Positron emission tomography and applications
Physics,HSSC 2,Nature of Science: A Debate,Science,Philosophy,data/physics/v2-12-physics-book-2025.txt,Nature of Science: A Debate,Scientific method,Steps of scientific inquiry
Physics,HSSC 2,Nature of Science: A Debate,Science,Philosophy,data/physics/v2-12-physics-book-2025.txt,Nature of Science: A Debate,Role of observation and experimentation,Observation and experiments in science
Physics,HSSC 2,Nature of Science: A Debate,Science,Philosophy,data/physics/v2-12-physics-book-2025.txt,Nature of Science: A Debate,Ethics in science,Ethical considerations in scientific research
